﻿<?xml version="1.0" encoding="utf-8"?>
<AcqMethod>
  <Version>1.0</Version>
  <!--Method Properties-->
  <MethodName>wwz-MeOH-LHW-SL-0.8mL-0%-25min-250V(-).m</MethodName>
  <MethodPath>D:\MassHunter\data\2022\11\17\ASD-4-NEG-250V-AQ.d\AcqData\wwz-MeOH-LHW-SL-0.8mL-0%-25min-250V(-).m</MethodPath>
  <MethodDescription>Default Method</MethodDescription>
  <!--List of Devices-->
  <DeviceList>1260 ALS</DeviceList>
  <DeviceList>1260 BinPump</DeviceList>
  <DeviceList>1260 TCC</DeviceList>
  <DeviceList>1260 DAD</DeviceList>
  <DeviceList>MS Q-TOF</DeviceList>
  <!--Device Specific Setpoints-->
  <ALS>
    <ComponentModelName>1260 ALS</ComponentModelName>
    <ComponentModel>G1329B</ComponentModel>
    <ComponentOrdinal>1</ComponentOrdinal>
    <ComponentOptions>THM</ComponentOptions>
    <Version>1.4.504.0; base: 1.4.521.0</Version>
    <Stoptime>As Pump</Stoptime>
    <Posttime>Off</Posttime>
    <Delay>0</Delay>
    <CONTACT_1>0</CONTACT_1>
    <CONTACT_2>0</CONTACT_2>
    <CONTACT_3>0</CONTACT_3>
    <CONTACT_4>0</CONTACT_4>
    <ContactsTimetable />
    <Signals>
      <SignalDesc>Temperature</SignalDesc>
      <Store>0</Store>
    </Signals>
    <NRdyTemperatureRange />
    <ThermostatTemperature />
    <Drawspeed>200</Drawspeed>
    <Ejectspeed>200</Ejectspeed>
    <InjVolume>20</InjVolume>
    <Drawposition>2</Drawposition>
    <Injectmode>Needle Wash</Injectmode>
    <Washvial>1</Washvial>
    <OverlapTime>Disable Overlapped Injection</OverlapTime>
    <InjProgram />
  </ALS>
  <BinPump>
    <ComponentModelName>1260 BinPump</ComponentModelName>
    <ComponentModel>G1312B</ComponentModel>
    <ComponentOrdinal>1</ComponentOrdinal>
    <ComponentOptions />
    <Version>1.4.511.0; base: 1.4.521.0</Version>
    <Stoptime>23</Stoptime>
    <Posttime>Off</Posttime>
    <Delay>0</Delay>
    <CONTACT_1>0</CONTACT_1>
    <CONTACT_2>0</CONTACT_2>
    <CONTACT_3>0</CONTACT_3>
    <CONTACT_4>0</CONTACT_4>
    <ContactsTimetable />
    <Signals>
      <SignalDesc>Pressure</SignalDesc>
      <Store>1</Store>
    </Signals>
    <Signals>
      <SignalDesc>Flow</SignalDesc>
      <Store>0</Store>
    </Signals>
    <Signals>
      <SignalDesc>Solvent% A</SignalDesc>
      <Store>0</Store>
    </Signals>
    <Signals>
      <SignalDesc>Solvent% B</SignalDesc>
      <Store>0</Store>
    </Signals>
    <Signals>
      <SignalDesc>Direction of piston A</SignalDesc>
      <Store>0</Store>
    </Signals>
    <Signals>
      <SignalDesc>Direction of piston B</SignalDesc>
      <Store>0</Store>
    </Signals>
    <StrokeSyncronization />
    <FRampDown>100</FRampDown>
    <GenericSolventTypeA1 />
    <GenericSolventTypeA2 />
    <GenericSolventTypeB1 />
    <GenericSolventTypeB2 />
    <Mixer />
    <UseSolvCalibration>1</UseSolvCalibration>
    <SolvCalibrationNameA>H2O</SolvCalibrationNameA>
    <SolvCalibrationNameB>MeOH</SolvCalibrationNameB>
    <SolvCalibrationNameC />
    <SolvCalibrationNameD />
    <SolvCalibrationIndexA>-2</SolvCalibrationIndexA>
    <SolvCalibrationIndexB>-4</SolvCalibrationIndexB>
    <SolvCalibrationIndexC>-2</SolvCalibrationIndexC>
    <SolvCalibrationIndexD>-2</SolvCalibrationIndexD>
    <PressureOperatingLimit>0</PressureOperatingLimit>
    <StrokeA>Auto</StrokeA>
    <Flow>0.8</Flow>
    <SolvRatioA>100</SolvRatioA>
    <SolvNameA />
    <PressureMin>0</PressureMin>
    <PressureMax>600</PressureMax>
    <FRamp>100</FRamp>
    <FPTimetable>
      <Time>0</Time>
      <Flow>No Change</Flow>
      <Pressure>No Change</Pressure>
      <SolvRatioB>0</SolvRatioB>
    </FPTimetable>
    <FPTimetable>
      <Time>3</Time>
      <Flow>No Change</Flow>
      <Pressure>No Change</Pressure>
      <SolvRatioB>0</SolvRatioB>
    </FPTimetable>
    <FPTimetable>
      <Time>10</Time>
      <Flow>No Change</Flow>
      <Pressure>No Change</Pressure>
      <SolvRatioB>100</SolvRatioB>
    </FPTimetable>
    <FPTimetable>
      <Time>15</Time>
      <Flow>No Change</Flow>
      <Pressure>No Change</Pressure>
      <SolvRatioB>100</SolvRatioB>
    </FPTimetable>
    <FPTimetable>
      <Time>15.1</Time>
      <Flow>No Change</Flow>
      <Pressure>No Change</Pressure>
      <SolvRatioB>0</SolvRatioB>
    </FPTimetable>
    <FPTimetable>
      <Time>23</Time>
      <Flow>No Change</Flow>
      <Pressure>No Change</Pressure>
      <SolvRatioB>0</SolvRatioB>
    </FPTimetable>
    <StrokeB>Auto</StrokeB>
    <CompressA>100</CompressA>
    <CompressB>115</CompressB>
    <SolvRatioB>0</SolvRatioB>
    <SolvNameB />
    <SolvNameC />
    <SolvNameD />
    <SSVA>0</SSVA>
    <SSVB>0</SSVB>
  </BinPump>
  <TCC>
    <ComponentModelName>1260 TCC</ComponentModelName>
    <ComponentModel>G1316A</ComponentModel>
    <ComponentOrdinal>1</ComponentOrdinal>
    <ComponentOptions />
    <Version>1.4.508.0; base: 1.4.521.0</Version>
    <Stoptime>As Pump</Stoptime>
    <Posttime>Off</Posttime>
    <Delay>0</Delay>
    <CONTACT_1>0</CONTACT_1>
    <CONTACT_2>0</CONTACT_2>
    <CONTACT_3>0</CONTACT_3>
    <CONTACT_4>0</CONTACT_4>
    <ContactsTimetable />
    <Signals>
      <SignalDesc>Temperature of left heat exchanger</SignalDesc>
    </Signals>
    <LeftRemoteTemp>0</LeftRemoteTemp>
    <RightRemoteTemp>0</RightRemoteTemp>
    <ColumnPlumbing>0</ColumnPlumbing>
    <LeftTemp>Not Controlled</LeftTemp>
    <RightTemp>Same as left</RightTemp>
    <RightTempValue>-274</RightTempValue>
    <LeftReady>When Temp Within Set Point +/- 0.8</LeftReady>
    <RightReady>When Temp Within Set Point +/- 0.8</RightReady>
    <TwoTemperatures>No</TwoTemperatures>
    <ColumnValve>1</ColumnValve>
    <TemperatureTimetable />
  </TCC>
  <DAD>
    <ComponentModelName>1260 DAD</ComponentModelName>
    <ComponentModel>G1315D</ComponentModel>
    <ComponentOrdinal>1</ComponentOrdinal>
    <ComponentOptions />
    <Version>1.4.510.0; base: 1.4.521.0</Version>
    <Stoptime>As Pump</Stoptime>
    <Posttime>Off</Posttime>
    <Delay>0</Delay>
    <CONTACT_1>0</CONTACT_1>
    <CONTACT_2>0</CONTACT_2>
    <CONTACT_3>0</CONTACT_3>
    <CONTACT_4>0</CONTACT_4>
    <ContactsTimetable />
    <Signals>
      <SignalDesc>Absorbance A</SignalDesc>
    </Signals>
    <Signals>
      <SignalDesc>Absorbance B</SignalDesc>
    </Signals>
    <Signals>
      <SignalDesc>Absorbance C</SignalDesc>
    </Signals>
    <Signals>
      <SignalDesc>Absorbance D</SignalDesc>
    </Signals>
    <Signals>
      <SignalDesc>Absorbance E</SignalDesc>
    </Signals>
    <Signals>
      <SignalDesc>Absorbance F</SignalDesc>
    </Signals>
    <Signals>
      <SignalDesc>Absorbance G</SignalDesc>
    </Signals>
    <Signals>
      <SignalDesc>Absorbance H</SignalDesc>
    </Signals>
    <SampleWlF>310</SampleWlF>
    <SampleWlG>380</SampleWlG>
    <SampleWlH>365</SampleWlH>
    <SampleBwF>8</SampleBwF>
    <SampleBwG>8</SampleBwG>
    <SampleBwH>8</SampleBwH>
    <ReferenceWlF>0</ReferenceWlF>
    <ReferenceWlG>0</ReferenceWlG>
    <ReferenceWlH>0</ReferenceWlH>
    <ReferenceBwF>0</ReferenceBwF>
    <ReferenceBwG>0</ReferenceBwG>
    <ReferenceBwH>0</ReferenceBwH>
    <ReferenceOnF>Off</ReferenceOnF>
    <ReferenceWlF>N/A</ReferenceWlF>
    <ReferenceOnG>Off</ReferenceOnG>
    <ReferenceWlG>N/A</ReferenceWlG>
    <ReferenceOnH>Off</ReferenceOnH>
    <ReferenceWlH>N/A</ReferenceWlH>
    <AnalogZero_1>5</AnalogZero_1>
    <AnalogAtt_1>1000</AnalogAtt_1>
    <AnalogZero_2>5</AnalogZero_2>
    <AnalogAtt_2>1000</AnalogAtt_2>
    <SampleWlA>235</SampleWlA>
    <SampleWlB>254</SampleWlB>
    <SampleWlC>210</SampleWlC>
    <SampleWlD>260</SampleWlD>
    <SampleWlE>280</SampleWlE>
    <SampleBwA>8</SampleBwA>
    <SampleBwB>8</SampleBwB>
    <SampleBwC>8</SampleBwC>
    <SampleBwD>8</SampleBwD>
    <SampleBwE>8</SampleBwE>
    <ReferenceWlA>0</ReferenceWlA>
    <ReferenceWlB>0</ReferenceWlB>
    <ReferenceWlC>0</ReferenceWlC>
    <ReferenceWlD>0</ReferenceWlD>
    <ReferenceWlE>0</ReferenceWlE>
    <ReferenceBwA>0</ReferenceBwA>
    <ReferenceBwB>0</ReferenceBwB>
    <ReferenceBwC>0</ReferenceBwC>
    <ReferenceBwD>0</ReferenceBwD>
    <ReferenceBwE>0</ReferenceBwE>
    <ReferenceOnA>Off</ReferenceOnA>
    <ReferenceWlA>N/A</ReferenceWlA>
    <ReferenceOnB>Off</ReferenceOnB>
    <ReferenceWlB>N/A</ReferenceWlB>
    <ReferenceOnC>Off</ReferenceOnC>
    <ReferenceWlC>N/A</ReferenceWlC>
    <ReferenceOnD>Off</ReferenceOnD>
    <ReferenceWlD>N/A</ReferenceWlD>
    <ReferenceOnE>Off</ReferenceOnE>
    <ReferenceWlE>N/A</ReferenceWlE>
    <Peakwidth>GT 0.1 min (2.0s)</Peakwidth>
    <Slit>4</Slit>
    <UVLampRequired>Yes</UVLampRequired>
    <VisLampRequired>No</VisLampRequired>
    <PrerunBalance>Yes</PrerunBalance>
    <PostrunBalance>No</PostrunBalance>
    <BalanceMode>1</BalanceMode>
    <Headroom>100</Headroom>
    <StoreSpectra>Spectrum Data</StoreSpectra>
    <RangeFrom>190</RangeFrom>
    <RangeTo>400</RangeTo>
    <RangeStep>2</RangeStep>
    <Threshold>10</Threshold>
    <SignalTimetable />
  </DAD>
  <QTOF>
    <ComponentModel>G6510A</ComponentModel>
    <ComponentName>MS Q-TOF</ComponentName>
    <IonSource>Dual ESI</IonSource>
    <TuneFile>AutoTune.tun</TuneFile>
    <StopMode>NoLimit</StopMode>
    <StopTime>30.00</StopTime>
    <NoWaitForTemp>Enable</NoWaitForTemp>
    <FastPolarityEnabled>N/A</FastPolarityEnabled>
    <MS1CentroidDataAbsThreshold>200</MS1CentroidDataAbsThreshold>
    <MS1CentroidDataRELThreshold>0.010</MS1CentroidDataRELThreshold>
    <MS2CentroidDataAbsThreshold>5</MS2CentroidDataAbsThreshold>
    <MS2CentroidDataRELThreshold>0.010</MS2CentroidDataRELThreshold>
    <TimeSegment>
      <Index>1</Index>
      <StartTime>0.0</StartTime>
      <DiverterValveState>MS</DiverterValveState>
      <StorageMode>Centroid</StorageMode>
      <IonMode>Dual ESI</IonMode>
      <TimeSourceParameter>
        <Id>DGasHeater</Id>
        <Value>300</Value>
      </TimeSourceParameter>
      <TimeSourceParameter>
        <Id>DGasFlow</Id>
        <Value>11.0</Value>
      </TimeSourceParameter>
      <TimeSourceParameter>
        <Id>NebulizerPressure</Id>
        <Value>30</Value>
      </TimeSourceParameter>
      <ScanSegment>
        <Index>1</Index>
        <ionPolarity>Negative</ionPolarity>
        <ScanSourceParameter>
          <Id>VCap</Id>
          <Value>4000</Value>
        </ScanSourceParameter>
        <ScanInstParameter>
          <Id>Fragmentor</Id>
          <Value>250</Value>
        </ScanInstParameter>
        <ScanInstParameter>
          <Id>Skimmer1</Id>
          <Value>65.0</Value>
        </ScanInstParameter>
        <ScanInstParameter>
          <Id>OctopoleRFPeak</Id>
          <Value>750</Value>
        </ScanInstParameter>
      </ScanSegment>
      <Acquisition>
        <AcqMode>MS1</AcqMode>
        <AcqMS1>
          <MinRange>60</MinRange>
          <MaxRange>2600</MaxRange>
          <ScanRate>1.03</ScanRate>
        </AcqMS1>
      </Acquisition>
    </TimeSegment>
    <Chromatogram>
      <TypeName>TIC</TypeName>
      <Label>TIC</Label>
      <ExperimentType>MS</ExperimentType>
      <ActualOrSetpointType />
      <OffsetOrMin>15</OffsetOrMin>
      <YRangeOrMax>10000000</YRangeOrMax>
    </Chromatogram>
    <RefMassParameters>
      <EnableRefMassCorrection>Enabled</EnableRefMassCorrection>
      <UseBottleA>False</UseBottleA>
      <RefNebulizer>6</RefNebulizer>
      <AutoRecalibration>
        <AverageScans>1</AverageScans>
        <DetectionWindow>100</DetectionWindow>
        <MinHeight>1000</MinHeight>
      </AutoRecalibration>
      <RefMass>&lt;Negative&gt;</RefMass>
      <RefMass>112.98558700</RefMass>
      <RefMass>1033.98810900</RefMass>
    </RefMassParameters>
  </QTOF>
</AcqMethod>