﻿<?xml version="1.0" encoding="UTF-8"?>
<DefaultMassCalibration xmlns:xsi="http://www.w3.org/2001/XMLSchema-instance" xsi:noNamespaceSchemaLocation="DefaultMassCal.xsd">
  <Version>1</Version>
  <DefaultCalibrations>
    <DefaultCalibration DefaultCalibrationID="1">
      <Step Number="1">
        <CalibrationTechnique>ExternalReference</CalibrationTechnique>
        <CalibrationFormula>Traditional</CalibrationFormula>
        <NumberOfCoefficients>2</NumberOfCoefficients>
        <ValueUseFlags>0</ValueUseFlags>
        <Values>
          <Value Number="1">0.000575948034803547</Value>
          <Value Number="2">1019.15923593737</Value>
        </Values>
      </Step>
      <Step Number="2">
        <CalibrationTechnique>ExternalReference</CalibrationTechnique>
        <CalibrationFormula>Polynomial</CalibrationFormula>
        <NumberOfCoefficients>8</NumberOfCoefficients>
        <ValueUseFlags>2730</ValueUseFlags>
        <Values>
          <Value Number="1">19886.7868890903</Value>
          <Value Number="2">91603.3949752667</Value>
          <Value Number="3">1.40064920494983E-07</Value>
          <Value Number="4">-3.66307931189933E-16</Value>
          <Value Number="5">2.10521728942635E-25</Value>
          <Value Number="6">-4.84615122499459E-35</Value>
          <Value Number="7">4.99653023753579E-45</Value>
          <Value Number="8">-1.92182444372726E-55</Value>
        </Values>
      </Step>
    </DefaultCalibration>
    <DefaultCalibration DefaultCalibrationID="2">
      <Step Number="1">
        <CalibrationTechnique>ExternalReference</CalibrationTechnique>
        <CalibrationFormula>Traditional</CalibrationFormula>
        <NumberOfCoefficients>2</NumberOfCoefficients>
        <ValueUseFlags>0</ValueUseFlags>
        <Values>
          <Value Number="1">0.000576098728676069</Value>
          <Value Number="2">1013.07639418952</Value>
        </Values>
      </Step>
      <Step Number="2">
        <CalibrationTechnique>ExternalReference</CalibrationTechnique>
        <CalibrationFormula>Polynomial</CalibrationFormula>
        <NumberOfCoefficients>8</NumberOfCoefficients>
        <ValueUseFlags>2730</ValueUseFlags>
        <Values>
          <Value Number="1">19463.9125926284</Value>
          <Value Number="2">93417.6013779655</Value>
          <Value Number="3">2.21542053732921E-07</Value>
          <Value Number="4">-6.17734639324446E-16</Value>
          <Value Number="5">3.78396402431157E-25</Value>
          <Value Number="6">-9.18875886396006E-35</Value>
          <Value Number="7">9.8996208180171E-45</Value>
          <Value Number="8">-3.95385577974129E-55</Value>
        </Values>
      </Step>
    </DefaultCalibration>
  </DefaultCalibrations>
</DefaultMassCalibration>