<?xml version="1.0" encoding="UTF-8"?>
<!-- edited with XML Spy v4.4 U (http://www.xmlspy.com) by Malini Srikantarajeurs (private) -->
<!--Sample XML file generated by XML Spy v4.4 U (http://www.xmlspy.com)-->
<ActualsDef xmlns:xsi="http://www.w3.org/2001/XMLSchema-instance" xsi:noNamespaceSchemaLocation="ActualsDef.xsd">
	<Version>1</Version>
	<Actuals Type="0">
		<Actual ActualID="361">
			<DisplayName>Min Range</DisplayName>
			<DataType>3</DataType>
			<DisplayFormat>0</DisplayFormat>
			<DisplayEffects>0</DisplayEffects>
			<DisplayDigits>0</DisplayDigits>
			<Unit>nanoSecs</Unit>
			<Category>TOF</Category>
		</Actual>
		<Actual ActualID="30">
			<DisplayName>Quad Vac</DisplayName>
			<DataType>6</DataType>
			<DisplayFormat>1</DisplayFormat>
			<DisplayEffects>0</DisplayEffects>
			<DisplayDigits>3</DisplayDigits>
			<Unit>Torr</Unit>
			<Category>Diagnostics</Category>
		</Actual>
		<Actual ActualID="29">
			<DisplayName>Rough Vac</DisplayName>
			<DataType>6</DataType>
			<DisplayFormat>1</DisplayFormat>
			<DisplayEffects>0</DisplayEffects>
			<DisplayDigits>3</DisplayDigits>
			<Unit>Torr</Unit>
			<Category>Diagnostics</Category>
		</Actual>
		<Actual ActualID="169">
			<DisplayName>PMT</DisplayName>
			<DataType>6</DataType>
			<DisplayFormat>0</DisplayFormat>
			<DisplayEffects>0</DisplayEffects>
			<DisplayDigits>0</DisplayDigits>
			<Unit>Volts</Unit>
			<Category>Detector</Category>
		</Actual>
		<Actual ActualID="34">
			<DisplayName>Drying Gas</DisplayName>
			<DataType>6</DataType>
			<DisplayFormat>0</DisplayFormat>
			<DisplayEffects>0</DisplayEffects>
			<DisplayDigits>1</DisplayDigits>
			<Unit>I/min</Unit>
			<Category>Source</Category>
		</Actual>
		<Actual ActualID="27">
			<DisplayName>Gas Temp</DisplayName>
			<DataType>6</DataType>
			<DisplayFormat>0</DisplayFormat>
			<DisplayEffects>0</DisplayEffects>
			<DisplayDigits>0</DisplayDigits>
			<Unit>C</Unit>
			<Category>Source</Category>
		</Actual>
		<Actual ActualID="35">
			<DisplayName>Nebulizer</DisplayName>
			<DataType>6</DataType>
			<DisplayFormat>0</DisplayFormat>
			<DisplayEffects>0</DisplayEffects>
			<DisplayDigits>0</DisplayDigits>
			<Unit>psig</Unit>
			<Category>Source</Category>
		</Actual>
		<Actual ActualID="185">
			<DisplayName>Fragmentor:1</DisplayName>
			<DataType>6</DataType>
			<DisplayFormat>0</DisplayFormat>
			<DisplayEffects>0</DisplayEffects>
			<DisplayDigits>0</DisplayDigits>
			<Unit>Volts</Unit>
			<Category>Source</Category>
		</Actual>
		<Actual ActualID="186">
			<DisplayName>Fragmentor:2</DisplayName>
			<DataType>6</DataType>
			<DisplayFormat>0</DisplayFormat>
			<DisplayEffects>0</DisplayEffects>
			<DisplayDigits>0</DisplayDigits>
			<Unit>Volts</Unit>
			<Category>Source</Category>
		</Actual>
		<Actual ActualID="187">
			<DisplayName>Fragmentor:3</DisplayName>
			<DataType>6</DataType>
			<DisplayFormat>0</DisplayFormat>
			<DisplayEffects>0</DisplayEffects>
			<DisplayDigits>0</DisplayDigits>
			<Unit>Volts</Unit>
			<Category>Source</Category>
		</Actual>
		<Actual ActualID="188">
			<DisplayName>Fragmentor:4</DisplayName>
			<DataType>6</DataType>
			<DisplayFormat>0</DisplayFormat>
			<DisplayEffects>0</DisplayEffects>
			<DisplayDigits>0</DisplayDigits>
			<Unit>Volts</Unit>
			<Category>Source</Category>
		</Actual>
		<Actual ActualID="193">
			<DisplayName>Skimmer:1</DisplayName>
			<DataType>6</DataType>
			<DisplayFormat>0</DisplayFormat>
			<DisplayEffects>0</DisplayEffects>
			<DisplayDigits>1</DisplayDigits>
			<Unit>Volts</Unit>
			<Category>Source</Category>
		</Actual>
		<Actual ActualID="194">
			<DisplayName>Skimmer:2</DisplayName>
			<DataType>6</DataType>
			<DisplayFormat>0</DisplayFormat>
			<DisplayEffects>0</DisplayEffects>
			<DisplayDigits>1</DisplayDigits>
			<Unit>Volts</Unit>
			<Category>Source</Category>
		</Actual>
		<Actual ActualID="195">
			<DisplayName>Skimmer:3</DisplayName>
			<DataType>6</DataType>
			<DisplayFormat>0</DisplayFormat>
			<DisplayEffects>0</DisplayEffects>
			<DisplayDigits>1</DisplayDigits>
			<Unit>Volts</Unit>
			<Category>Source</Category>
		</Actual>
		<Actual ActualID="196">
			<DisplayName>Skimmer:4</DisplayName>
			<DataType>6</DataType>
			<DisplayFormat>0</DisplayFormat>
			<DisplayEffects>0</DisplayEffects>
			<DisplayDigits>1</DisplayDigits>
			<Unit>Volts</Unit>
			<Category>Source</Category>
		</Actual>
		<Actual ActualID="305">
			<DisplayName>Oct 1 RF Vpp:1</DisplayName>
			<DataType>6</DataType>
			<DisplayFormat>0</DisplayFormat>
			<DisplayEffects>0</DisplayEffects>
			<DisplayDigits>0</DisplayDigits>
			<Unit>Volts</Unit>
			<Category>Source</Category>
		</Actual>
		<Actual ActualID="306">
			<DisplayName>Oct 1 RF Vpp:2</DisplayName>
			<DataType>6</DataType>
			<DisplayFormat>0</DisplayFormat>
			<DisplayEffects>0</DisplayEffects>
			<DisplayDigits>0</DisplayDigits>
			<Unit>Volts</Unit>
			<Category>Source</Category>
		</Actual>
		<Actual ActualID="307">
			<DisplayName>Oct 1 RF Vpp:3</DisplayName>
			<DataType>6</DataType>
			<DisplayFormat>0</DisplayFormat>
			<DisplayEffects>0</DisplayEffects>
			<DisplayDigits>0</DisplayDigits>
			<Unit>Volts</Unit>
			<Category>Source</Category>
		</Actual>
		<Actual ActualID="308">
			<DisplayName>Oct 1 RF Vpp:4</DisplayName>
			<DataType>6</DataType>
			<DisplayFormat>0</DisplayFormat>
			<DisplayEffects>0</DisplayEffects>
			<DisplayDigits>0</DisplayDigits>
			<Unit>Volts</Unit>
			<Category>Source</Category>
		</Actual>
		<Actual ActualID="73">
			<DisplayName>VCap:1</DisplayName>
			<DataType>6</DataType>
			<DisplayFormat>0</DisplayFormat>
			<DisplayEffects>0</DisplayEffects>
			<DisplayDigits>0</DisplayDigits>
			<Unit>Volts</Unit>
			<Category>Source</Category>
		</Actual>
		<Actual ActualID="74">
			<DisplayName>VCap:2</DisplayName>
			<DataType>6</DataType>
			<DisplayFormat>0</DisplayFormat>
			<DisplayEffects>0</DisplayEffects>
			<DisplayDigits>0</DisplayDigits>
			<Unit>Volts</Unit>
			<Category>Source</Category>
		</Actual>
		<Actual ActualID="75">
			<DisplayName>VCap:3</DisplayName>
			<DataType>6</DataType>
			<DisplayFormat>0</DisplayFormat>
			<DisplayEffects>0</DisplayEffects>
			<DisplayDigits>0</DisplayDigits>
			<Unit>Volts</Unit>
			<Category>Source</Category>
		</Actual>
		<Actual ActualID="76">
			<DisplayName>VCap:4</DisplayName>
			<DataType>6</DataType>
			<DisplayFormat>0</DisplayFormat>
			<DisplayEffects>0</DisplayEffects>
			<DisplayDigits>0</DisplayDigits>
			<Unit>Volts</Unit>
			<Category>Source</Category>
		</Actual>
		<Actual ActualID="209">
			<DisplayName>Oct1 DC</DisplayName>
			<DataType>6</DataType>
			<DisplayFormat>0</DisplayFormat>
			<DisplayEffects>0</DisplayEffects>
			<DisplayDigits>1</DisplayDigits>
			<Unit>Volts</Unit>
			<Category>Optics 1</Category>
		</Actual>
		<Actual ActualID="217">
			<DisplayName>Lens 1</DisplayName>
			<DataType>6</DataType>
			<DisplayFormat>0</DisplayFormat>
			<DisplayEffects>0</DisplayEffects>
			<DisplayDigits>1</DisplayDigits>
			<Unit>Volts</Unit>
			<Category>Optics 1</Category>
		</Actual>
		<Actual ActualID="225">
			<DisplayName>Lens 2</DisplayName>
			<DataType>6</DataType>
			<DisplayFormat>0</DisplayFormat>
			<DisplayEffects>0</DisplayEffects>
			<DisplayDigits>1</DisplayDigits>
			<Unit>Volts</Unit>
			<Category>Optics 1</Category>
		</Actual>
		<Actual ActualID="329">
			<DisplayName>Lens 2 RF Enable</DisplayName>
			<DataType>6</DataType>
			<DisplayFormat>0</DisplayFormat>
			<DisplayEffects>0</DisplayEffects>
			<DisplayDigits>0</DisplayDigits>
			<Unit>0=False,1=True</Unit>
			<Category>Optics 1</Category>
		</Actual>
		<Actual ActualID="321">
			<DisplayName>Lens 2 RF V</DisplayName>
			<DataType>6</DataType>
			<DisplayFormat>0</DisplayFormat>
			<DisplayEffects>0</DisplayEffects>
			<DisplayDigits>0</DisplayDigits>
			<Unit>Volts</Unit>
			<Category>Optics 1</Category>
		</Actual>
		<Actual ActualID="337">
			<DisplayName>Lens 2 RF Ph</DisplayName>
			<DataType>6</DataType>
			<DisplayFormat>0</DisplayFormat>
			<DisplayEffects>0</DisplayEffects>
			<DisplayDigits>3</DisplayDigits>
			<Unit>Volts</Unit>
			<Category>Optics 1</Category>
		</Actual>
		<Actual ActualID="22">
			<DisplayName>Quad AMU</DisplayName>
			<DataType>6</DataType>
			<DisplayFormat>0</DisplayFormat>
			<DisplayEffects>0</DisplayEffects>
			<DisplayDigits>1</DisplayDigits>
			<Unit>amu</Unit>
			<Category>Quad</Category>
		</Actual>
		<Actual ActualID="297">
			<DisplayName>Quad DC</DisplayName>
			<DataType>6</DataType>
			<DisplayFormat>0</DisplayFormat>
			<DisplayEffects>0</DisplayEffects>
			<DisplayDigits>1</DisplayDigits>
			<Unit>Volts</Unit>
			<Category>Quad</Category>
		</Actual>
		<Actual ActualID="241">
			<DisplayName>Post Filter DC</DisplayName>
			<DataType>6</DataType>
			<DisplayFormat>0</DisplayFormat>
			<DisplayEffects>0</DisplayEffects>
			<DisplayDigits>1</DisplayDigits>
			<Unit>Volts</Unit>
			<Category>Quad</Category>
		</Actual>
		<Actual ActualID="19">
			<DisplayName>Width Gain</DisplayName>
			<DataType>6</DataType>
			<DisplayFormat>0</DisplayFormat>
			<DisplayEffects>0</DisplayEffects>
			<DisplayDigits>0</DisplayDigits>
			<Unit>counts</Unit>
			<Category>Quad</Category>
		</Actual>
		<Actual ActualID="20">
			<DisplayName>Width Offset</DisplayName>
			<DataType>6</DataType>
			<DisplayFormat>0</DisplayFormat>
			<DisplayEffects>0</DisplayEffects>
			<DisplayDigits>0</DisplayDigits>
			<Unit>counts</Unit>
			<Category>Quad</Category>
		</Actual>
		<Actual ActualID="21">
			<DisplayName>Axis Gain</DisplayName>
			<DataType>6</DataType>
			<DisplayFormat>0</DisplayFormat>
			<DisplayEffects>0</DisplayEffects>
			<DisplayDigits>0</DisplayDigits>
			<Unit>counts</Unit>
			<Category>Quad</Category>
		</Actual>
		<Actual ActualID="36">
			<DisplayName>Axis Offset</DisplayName>
			<DataType>6</DataType>
			<DisplayFormat>0</DisplayFormat>
			<DisplayEffects>0</DisplayEffects>
			<DisplayDigits>0</DisplayDigits>
			<Unit>counts</Unit>
			<Category>Quad</Category>
		</Actual>
		<Actual ActualID="25">
			<DisplayName>Col. Cell Gas</DisplayName>
			<DataType>6</DataType>
			<DisplayFormat>0</DisplayFormat>
			<DisplayEffects>0</DisplayEffects>
			<DisplayDigits>0</DisplayDigits>
			<Unit>0=None,1=Nitrogen,2=Argon</Unit>
			<Category>Cell</Category>
		</Actual>
		<Actual ActualID="26">
			<DisplayName>Col. Cell Flow</DisplayName>
			<DataType>6</DataType>
			<DisplayFormat>0</DisplayFormat>
			<DisplayEffects>0</DisplayEffects>
			<DisplayDigits>1</DisplayDigits>
			<Unit>psig</Unit>
			<Category>Cell</Category>
		</Actual>
		<Actual ActualID="41">
			<DisplayName>Hex RF</DisplayName>
			<DataType>6</DataType>
			<DisplayFormat>0</DisplayFormat>
			<DisplayEffects>0</DisplayEffects>
			<DisplayDigits>0</DisplayDigits>
			<Unit>Volts</Unit>
			<Category>Cell</Category>
		</Actual>
		<Actual ActualID="201">
			<DisplayName>Hex DC Entr</DisplayName>
			<DataType>6</DataType>
			<DisplayFormat>0</DisplayFormat>
			<DisplayEffects>0</DisplayEffects>
			<DisplayDigits>1</DisplayDigits>
			<Unit>Volts</Unit>
			<Category>Cell</Category>
		</Actual>
		<Actual ActualID="24">
			<DisplayName>Hex dV</DisplayName>
			<DataType>6</DataType>
			<DisplayFormat>0</DisplayFormat>
			<DisplayEffects>0</DisplayEffects>
			<DisplayDigits>1</DisplayDigits>
			<Unit>Volts</Unit>
			<Category>Cell</Category>
		</Actual>
		<Actual ActualID="50">
			<DisplayName>Cell Entr</DisplayName>
			<DataType>6</DataType>
			<DisplayFormat>0</DisplayFormat>
			<DisplayEffects>0</DisplayEffects>
			<DisplayDigits>1</DisplayDigits>
			<Unit>Volts</Unit>
			<Category>Cell</Category>
		</Actual>
		<Actual ActualID="23">
			<DisplayName>Cell Exit</DisplayName>
			<DataType>6</DataType>
			<DisplayFormat>0</DisplayFormat>
			<DisplayEffects>0</DisplayEffects>
			<DisplayDigits>1</DisplayDigits>
			<Unit>Volts</Unit>
			<Category>Cell</Category>
		</Actual>
		<Actual ActualID="233">
			<DisplayName>Oct2 DC</DisplayName>
			<DataType>6</DataType>
			<DisplayFormat>0</DisplayFormat>
			<DisplayEffects>0</DisplayEffects>
			<DisplayDigits>1</DisplayDigits>
			<Unit>Volts</Unit>
			<Category>Optics 2</Category>
		</Actual>
		<Actual ActualID="42">
			<DisplayName>Oct 2 RF Vpp</DisplayName>
			<DataType>6</DataType>
			<DisplayFormat>0</DisplayFormat>
			<DisplayEffects>0</DisplayEffects>
			<DisplayDigits>0</DisplayDigits>
			<Unit>Volts</Unit>
			<Category>Optics 2</Category>
		</Actual>
		<Actual ActualID="249">
			<DisplayName>Ion Focus</DisplayName>
			<DataType>6</DataType>
			<DisplayFormat>0</DisplayFormat>
			<DisplayEffects>0</DisplayEffects>
			<DisplayDigits>1</DisplayDigits>
			<Unit>Volts</Unit>
			<Category>Optics 2</Category>
		</Actual>
		<Actual ActualID="289">
			<DisplayName>Slicer</DisplayName>
			<DataType>6</DataType>
			<DisplayFormat>0</DisplayFormat>
			<DisplayEffects>0</DisplayEffects>
			<DisplayDigits>1</DisplayDigits>
			<Unit>Volts</Unit>
			<Category>Optics 2</Category>
		</Actual>
		<Actual ActualID="257">
			<DisplayName>Horiz Q</DisplayName>
			<DataType>6</DataType>
			<DisplayFormat>0</DisplayFormat>
			<DisplayEffects>0</DisplayEffects>
			<DisplayDigits>2</DisplayDigits>
			<Unit>Volts</Unit>
			<Category>Optics 2</Category>
		</Actual>
		<Actual ActualID="265">
			<DisplayName>Vert Q</DisplayName>
			<DataType>6</DataType>
			<DisplayFormat>0</DisplayFormat>
			<DisplayEffects>0</DisplayEffects>
			<DisplayDigits>2</DisplayDigits>
			<Unit>Volts</Unit>
			<Category>Optics 2</Category>
		</Actual>
		<Actual ActualID="273">
			<DisplayName>Top Slit</DisplayName>
			<DataType>6</DataType>
			<DisplayFormat>0</DisplayFormat>
			<DisplayEffects>0</DisplayEffects>
			<DisplayDigits>2</DisplayDigits>
			<Unit>Volts</Unit>
			<Category>Optics 2</Category>
		</Actual>
		<Actual ActualID="281">
			<DisplayName>Bot Slit</DisplayName>
			<DataType>6</DataType>
			<DisplayFormat>0</DisplayFormat>
			<DisplayEffects>0</DisplayEffects>
			<DisplayDigits>2</DisplayDigits>
			<Unit>Volts</Unit>
			<Category>Optics 2</Category>
		</Actual>
		<Actual ActualID="3">
			<DisplayName>Pusher</DisplayName>
			<DataType>6</DataType>
			<DisplayFormat>0</DisplayFormat>
			<DisplayEffects>0</DisplayEffects>
			<DisplayDigits>0</DisplayDigits>
			<Unit>Volts</Unit>
			<Category>TOF</Category>
		</Actual>
		<Actual ActualID="9">
			<DisplayName>Puller</DisplayName>
			<DataType>6</DataType>
			<DisplayFormat>0</DisplayFormat>
			<DisplayEffects>0</DisplayEffects>
			<DisplayDigits>0</DisplayDigits>
			<Unit>Volts</Unit>
			<Category>TOF</Category>
		</Actual>
		<Actual ActualID="4">
			<DisplayName>Puller Offset</DisplayName>
			<DataType>6</DataType>
			<DisplayFormat>0</DisplayFormat>
			<DisplayEffects>0</DisplayEffects>
			<DisplayDigits>0</DisplayDigits>
			<Unit>Volts</Unit>
			<Category>TOF</Category>
		</Actual>
		<Actual ActualID="1">
			<DisplayName>Acc Focus</DisplayName>
			<DataType>6</DataType>
			<DisplayFormat>0</DisplayFormat>
			<DisplayEffects>0</DisplayEffects>
			<DisplayDigits>0</DisplayDigits>
			<Unit>Volts</Unit>
			<Category>TOF</Category>
		</Actual>
		<Actual ActualID="2">
			<DisplayName>Mirror Front</DisplayName>
			<DataType>6</DataType>
			<DisplayFormat>0</DisplayFormat>
			<DisplayEffects>0</DisplayEffects>
			<DisplayDigits>0</DisplayDigits>
			<Unit>Volts</Unit>
			<Category>TOF</Category>
		</Actual>
		<Actual ActualID="5">
			<DisplayName>Mirror Mid</DisplayName>
			<DataType>6</DataType>
			<DisplayFormat>0</DisplayFormat>
			<DisplayEffects>0</DisplayEffects>
			<DisplayDigits>1</DisplayDigits>
			<Unit>Volts</Unit>
			<Category>TOF</Category>
		</Actual>
		<Actual ActualID="6">
			<DisplayName>Mirror Back</DisplayName>
			<DataType>6</DataType>
			<DisplayFormat>0</DisplayFormat>
			<DisplayEffects>0</DisplayEffects>
			<DisplayDigits>0</DisplayDigits>
			<Unit>Volts</Unit>
			<Category>TOF</Category>
		</Actual>
		<Actual ActualID="7">
			<DisplayName>MCP</DisplayName>
			<DataType>6</DataType>
			<DisplayFormat>0</DisplayFormat>
			<DisplayEffects>0</DisplayEffects>
			<DisplayDigits>0</DisplayDigits>
			<Unit>Volts</Unit>
			<Category>Detector</Category>
		</Actual>
		<Actual ActualID="18">
			<DisplayName>Amp Offset</DisplayName>
			<DataType>6</DataType>
			<DisplayFormat>0</DisplayFormat>
			<DisplayEffects>0</DisplayEffects>
			<DisplayDigits>0</DisplayDigits>
			<Unit>Volts</Unit>
			<Category>Detector</Category>
		</Actual>
		<Actual ActualID="37">
			<DisplayName>Turbo1 Speed</DisplayName>
			<DataType>6</DataType>
			<DisplayFormat>0</DisplayFormat>
			<DisplayEffects>0</DisplayEffects>
			<DisplayDigits>1</DisplayDigits>
			<Unit>Volts</Unit>
			<Category>Diagnostics</Category>
		</Actual>
		<Actual ActualID="38">
			<DisplayName>Turbo2 Speed</DisplayName>
			<DataType>6</DataType>
			<DisplayFormat>0</DisplayFormat>
			<DisplayEffects>0</DisplayEffects>
			<DisplayDigits>1</DisplayDigits>
			<Unit>Volts</Unit>
			<Category>Diagnostics</Category>
		</Actual>
		<Actual ActualID="39">
			<DisplayName>Turbo1 Power</DisplayName>
			<DataType>6</DataType>
			<DisplayFormat>0</DisplayFormat>
			<DisplayEffects>0</DisplayEffects>
			<DisplayDigits>0</DisplayDigits>
			<Unit>Volts</Unit>
			<Category>Diagnostics</Category>
		</Actual>
		<Actual ActualID="40">
			<DisplayName>Turbo2 Power</DisplayName>
			<DataType>6</DataType>
			<DisplayFormat>0</DisplayFormat>
			<DisplayEffects>0</DisplayEffects>
			<DisplayDigits>0</DisplayDigits>
			<Unit>Volts</Unit>
			<Category>Diagnostics</Category>
		</Actual>
		<Actual ActualID="16">
			<DisplayName>Length of Transients</DisplayName>
			<DataType>6</DataType>
			<DisplayFormat>0</DisplayFormat>
			<DisplayEffects>0</DisplayEffects>
			<DisplayDigits>0</DisplayDigits>
			<Unit>nanoSecs</Unit>
			<Category>Instrument State</Category>
		</Actual>
		<Actual ActualID="28">
			<DisplayName>Vaporizor/Sheath Gas Temp</DisplayName>
			<DataType>6</DataType>
			<DisplayFormat>0</DisplayFormat>
			<DisplayEffects>0</DisplayEffects>
			<DisplayDigits>0</DisplayDigits>
			<Unit>C</Unit>
			<Category>Source</Category>
		</Actual>
		<Actual ActualID="52">
			<DisplayName>Calibrant Solution</DisplayName>
			<DataType>6</DataType>
			<DisplayFormat>0</DisplayFormat>
			<DisplayEffects>0</DisplayEffects>
			<DisplayDigits>0</DisplayDigits>
			<Unit>0=None,1=Ref A,2=Cal B</Unit>
			<Category>Source</Category>
		</Actual>
		<Actual ActualID="53">
			<DisplayName>LC Stream</DisplayName>
			<DataType>6</DataType>
			<DisplayFormat>0</DisplayFormat>
			<DisplayEffects>0</DisplayEffects>
			<DisplayDigits>0</DisplayDigits>
			<Unit>0=Waste,1=MS</Unit>
			<Category>Source</Category>
		</Actual>
		<Actual ActualID="105">
			<DisplayName>Charging Voltage</DisplayName>
			<DataType>6</DataType>
			<DisplayFormat>0</DisplayFormat>
			<DisplayEffects>0</DisplayEffects>
			<DisplayDigits>0</DisplayDigits>
			<Unit>Volts</Unit>
			<Category>Source</Category>
		</Actual>
		<Actual ActualID="65">
			<DisplayName>Ion Polarity</DisplayName>
			<DataType>6</DataType>
			<DisplayFormat>0</DisplayFormat>
			<DisplayEffects>0</DisplayEffects>
			<DisplayDigits>0</DisplayDigits>
			<Unit>0=Postive,1=Negative</Unit>
			<Category>Source</Category>
		</Actual>
		<Actual ActualID="161">
			<DisplayName>Col. Cell Energy</DisplayName>
			<DataType>6</DataType>
			<DisplayFormat>0</DisplayFormat>
			<DisplayEffects>0</DisplayEffects>
			<DisplayDigits>1</DisplayDigits>
			<Unit>Voltage</Unit>
			<Category>Cell</Category>
		</Actual>
		<Actual ActualID="57">
			<DisplayName>Charge State</DisplayName>
			<DataType>3</DataType>
			<DisplayFormat>0</DisplayFormat>
			<DisplayEffects>0</DisplayEffects>
			<DisplayDigits>0</DisplayDigits>
			<Unit>0=1,1=2,2=3,3=>3,4=Unk</Unit>
			<Category>Cell</Category>
		</Actual>
		<Actual ActualID="33">
			<DisplayName>Corona</DisplayName>
			<DataType>5</DataType>
			<DisplayFormat>0</DisplayFormat>
			<DisplayEffects>0</DisplayEffects>
			<DisplayDigits>1</DisplayDigits>
			<Unit>uA</Unit>
			<Category>Source</Category>
		</Actual>
		<Actual ActualID="45">
			<DisplayName>Sheath Gas Flow</DisplayName>
			<DataType>6</DataType>
			<DisplayFormat>0</DisplayFormat>
			<DisplayEffects>0</DisplayEffects>
			<DisplayDigits>1</DisplayDigits>
			<Unit>l/min</Unit>
			<Category>Source</Category>
		</Actual>
		<Actual ActualID="17">
			<DisplayName>Number of Transients</DisplayName>
			<DataType>6</DataType>
			<DisplayFormat>0</DisplayFormat>
			<DisplayEffects>0</DisplayEffects>
			<DisplayDigits>0</DisplayDigits>
			<Unit></Unit>
			<Category>Instrument State</Category>
		</Actual>
	</Actuals>
</ActualsDef>
