<Method>
    <Parameter id="MethodName">
        <Value>QualDAMethod.m</Value>
    </Parameter>
    <Parameter id="OriginalMethodLocation">
        <Value>InMemoryMethod</Value>
    </Parameter>
    <Parameter id="ExactCopyOfOriginal">
        <Value>true</Value>
    </Parameter>
    <Parameter id="factoryInstalledMethod">
        <Value>false</Value>
    </Parameter>
    <Parameter id="VersionNumber">
        <Value>609</Value>
        <Limits />
        <XUnits>Unspecified</XUnits>
        <DataValueType>Unspecified</DataValueType>
        <PrecisionType>DigitsAfterDecimal</PrecisionType>
        <PrecisionDigits>2</PrecisionDigits>
        <ConversionSupport>None</ConversionSupport>
    </Parameter>
    <QualDAmethodPSetGroup>
        <ParameterSet usagekey="DeviceDelayInfo" displayName="设备延迟设置" assembly="" class="Agilent.MassSpectrometry.DataAnalysis.PSetDeviceDelayInfo">
            <Parameters>
                <Parameter id="MS1">
                    <Value>
                        <DeviceType>Quadrupole</DeviceType>
                        <OrdinalNumber>1</OrdinalNumber>
                        <Delay>0</Delay>
                        <RetentionTime>0</RetentionTime>
                        <Used>False</Used>
                    </Value>
                    <DefaultValue>
                        <DeviceType>Quadrupole</DeviceType>
                        <OrdinalNumber>1</OrdinalNumber>
                        <Delay>0</Delay>
                        <RetentionTime>0</RetentionTime>
                        <Used>False</Used>
                    </DefaultValue>
                    <XUnits>Minutes</XUnits>
                    <DataValueType>AcqTime</DataValueType>
                    <PrecisionType>DigitsAfterDecimal</PrecisionType>
                    <PrecisionDigits>3</PrecisionDigits>
                    <ConversionSupport>PrecisionOnly</ConversionSupport>
                </Parameter>
                <Parameter id="DAD1">
                    <Value>
                        <DeviceType>DiodeArrayDetector</DeviceType>
                        <OrdinalNumber>1</OrdinalNumber>
                        <Delay>0</Delay>
                        <RetentionTime>0</RetentionTime>
                        <Used>False</Used>
                    </Value>
                    <DefaultValue>
                        <DeviceType>DiodeArrayDetector</DeviceType>
                        <OrdinalNumber>1</OrdinalNumber>
                        <Delay>0</Delay>
                        <RetentionTime>0</RetentionTime>
                        <Used>False</Used>
                    </DefaultValue>
                    <XUnits>Minutes</XUnits>
                    <DataValueType>AcqTime</DataValueType>
                    <PrecisionType>DigitsAfterDecimal</PrecisionType>
                    <PrecisionDigits>3</PrecisionDigits>
                    <ConversionSupport>PrecisionOnly</ConversionSupport>
                </Parameter>
            </Parameters>
        </ParameterSet>
        <ParameterSet usagekey="StoredDataOptions" displayName="数据存储选项" assembly="" class="Agilent.MassSpectrometry.DataAnalysis.PSetStoredDataOptions">
            <Parameters>
                <Parameter id="ExtractionMode">
                    <DisplayName>提取模式</DisplayName>
                    <Value>PeakElseProfile</Value>
                </Parameter>
                <Parameter id="ChromExtractionMode">
                    <DisplayName>色谱图提取模式</DisplayName>
                    <Value>PeakElseProfile</Value>
                </Parameter>
            </Parameters>
        </ParameterSet>
        <ParameterSet usagekey="ManualSpectrumExtraction" displayName="手动选择质谱图提取设置" assembly="" class="Agilent.MassSpectrometry.DataAnalysis.PSetManualSpectrumExtraction">
            <Parameters>
                <Parameter id="MsBackgroundSource">
                    <DisplayName>MS 背景源:</DisplayName>
                    <Value>None</Value>
                </Parameter>
            </Parameters>
        </ParameterSet>
        <ParameterSet usagekey="TofPeakFinder" displayName="MS TOF 峰查找器设置" assembly="" class="Agilent.MassSpectrometry.DataAnalysis.PSetTofPeakFinder">
            <Parameters>
                <Parameter id="BaselineChunkSize">
                    <DisplayName>基线组块大小</DisplayName>
                    <Value>4</Value>
                    <Limits>
                        <Minimum type="Inclusive">4</Minimum>
                    </Limits>
                    <XUnits>Unspecified</XUnits>
                    <DataValueType>Unspecified</DataValueType>
                    <PrecisionType>DigitsAfterDecimal</PrecisionType>
                    <PrecisionDigits>0</PrecisionDigits>
                    <ConversionSupport>None</ConversionSupport>
                </Parameter>
                <Parameter id="BaselineMinimumChunks">
                    <DisplayName>基线最小组块</DisplayName>
                    <Value>10</Value>
                    <Limits>
                        <Minimum type="Inclusive">1</Minimum>
                    </Limits>
                    <XUnits>Unspecified</XUnits>
                    <DataValueType>Unspecified</DataValueType>
                    <PrecisionType>DigitsAfterDecimal</PrecisionType>
                    <PrecisionDigits>0</PrecisionDigits>
                    <ConversionSupport>None</ConversionSupport>
                </Parameter>
                <Parameter id="BaselineFractionSkip">
                    <DisplayName>基线片段跳过</DisplayName>
                    <Value>0.02</Value>
                    <Limits>
                        <Minimum type="Inclusive">0.01</Minimum>
                        <Maximum type="Inclusive">0.999</Maximum>
                    </Limits>
                    <XUnits>Unspecified</XUnits>
                    <DataValueType>Unspecified</DataValueType>
                    <PrecisionType>DigitsAfterDecimal</PrecisionType>
                    <PrecisionDigits>3</PrecisionDigits>
                    <ConversionSupport>None</ConversionSupport>
                </Parameter>
                <Parameter id="BaselineFractionUse">
                    <DisplayName>基线片段使用</DisplayName>
                    <Value>0.05</Value>
                    <Limits>
                        <Minimum type="Inclusive">0.01</Minimum>
                        <Maximum type="Inclusive">0.999</Maximum>
                    </Limits>
                    <XUnits>Unspecified</XUnits>
                    <DataValueType>Unspecified</DataValueType>
                    <PrecisionType>DigitsAfterDecimal</PrecisionType>
                    <PrecisionDigits>3</PrecisionDigits>
                    <ConversionSupport>None</ConversionSupport>
                </Parameter>
                <Parameter id="Tolerance">
                    <DisplayName>容差</DisplayName>
                    <Value>0.25</Value>
                    <Limits>
                        <Minimum type="Inclusive">0.05</Minimum>
                        <Maximum type="Inclusive">5000</Maximum>
                    </Limits>
                    <XUnits>Unspecified</XUnits>
                    <DataValueType>Unspecified</DataValueType>
                    <PrecisionType>DigitsAfterDecimal</PrecisionType>
                    <PrecisionDigits>3</PrecisionDigits>
                    <ConversionSupport>None</ConversionSupport>
                </Parameter>
                <Parameter id="DetectMaximumSpikeWidth">
                    <DisplayName>检测最大尖峰峰宽</DisplayName>
                    <Value>2</Value>
                    <Limits>
                        <Minimum type="Inclusive">0</Minimum>
                        <Maximum type="Inclusive">10</Maximum>
                    </Limits>
                    <XUnits>Unspecified</XUnits>
                    <DataValueType>Unspecified</DataValueType>
                    <PrecisionType>DigitsAfterDecimal</PrecisionType>
                    <PrecisionDigits>0</PrecisionDigits>
                    <ConversionSupport>None</ConversionSupport>
                </Parameter>
                <Parameter id="DetectRequiredValley">
                    <DisplayName>检测所需的峰谷</DisplayName>
                    <Value>0.7</Value>
                    <Limits>
                        <Minimum type="Inclusive">0</Minimum>
                        <Maximum type="Exclusive">1</Maximum>
                    </Limits>
                    <XUnits>Unspecified</XUnits>
                    <DataValueType>Unspecified</DataValueType>
                    <PrecisionType>DigitsAfterDecimal</PrecisionType>
                    <PrecisionDigits>2</PrecisionDigits>
                    <ConversionSupport>None</ConversionSupport>
                </Parameter>
                <Parameter id="DoRestrictXRange">
                    <DisplayName>限制 X 范围</DisplayName>
                    <Value>false</Value>
                </Parameter>
                <Parameter id="RestrictedXRange">
                    <DisplayName>X 范围</DisplayName>
                    <Value>
                        <Minimum>0</Minimum>
                        <Maximum>0</Maximum>
                        <DataUnit>Thompsons</DataUnit>
                        <DataValueType>MassToCharge</DataValueType>
                        <PrecisionType>DigitsAfterDecimal</PrecisionType>
                        <PrecisionDigits>4</PrecisionDigits>
                    </Value>
                    <Limits>
                        <Limits id="first">
                            <Minimum type="Inclusive">0</Minimum>
                            <Maximum type="Inclusive">20000</Maximum>
                        </Limits>
                        <Limits id="second">
                            <Minimum type="Inclusive">0</Minimum>
                            <Maximum type="Inclusive">20000</Maximum>
                        </Limits>
                    </Limits>
                    <ConversionSupport>PrecisionOnly</ConversionSupport>
                </Parameter>
                <Parameter id="FastBaseline">
                    <DisplayName>快速基线</DisplayName>
                    <Value>true</Value>
                </Parameter>
            </Parameters>
        </ParameterSet>
        <ParameterSet usagekey="MSPeakFilters" displayName="MS 质谱峰过滤器设置" assembly="" class="Agilent.MassSpectrometry.DataAnalysis.PSetMSPeakFilter">
            <Parameters>
                <Parameter id="PeakFilter">
                    <Value>MaximumCount</Value>
                </Parameter>
                <Parameter id="PeakHeightAbsThreshold">
                    <DisplayName>峰高（counts）&gt;=</DisplayName>
                    <Value>100</Value>
                    <Limits>
                        <Minimum type="Inclusive">0</Minimum>
                    </Limits>
                    <XUnits>Abundance</XUnits>
                    <DataValueType>Response</DataValueType>
                    <PrecisionType>DigitsAfterDecimal</PrecisionType>
                    <PrecisionDigits>0</PrecisionDigits>
                    <ConversionSupport>None</ConversionSupport>
                </Parameter>
                <Parameter id="PeakHeightPctThreshold">
                    <DisplayName>峰高 (%) &gt;= </DisplayName>
                    <Value>5</Value>
                    <Limits>
                        <Minimum type="Inclusive">0</Minimum>
                        <Maximum type="Exclusive">100</Maximum>
                    </Limits>
                    <XUnits>Abundance</XUnits>
                    <DataValueType>Response</DataValueType>
                    <PrecisionType>DigitsAfterDecimal</PrecisionType>
                    <PrecisionDigits>3</PrecisionDigits>
                    <ConversionSupport>None</ConversionSupport>
                </Parameter>
                <Parameter id="MaximumPeakCount">
                    <DisplayName>数量上限: </DisplayName>
                    <Value>100</Value>
                    <Limits>
                        <Minimum type="Inclusive">0</Minimum>
                    </Limits>
                    <XUnits>Unspecified</XUnits>
                    <DataValueType>Unspecified</DataValueType>
                    <PrecisionType>DigitsAfterDecimal</PrecisionType>
                    <PrecisionDigits>0</PrecisionDigits>
                    <ConversionSupport>None</ConversionSupport>
                </Parameter>
                <Parameter id="DisplayThreshold">
                    <Value>0</Value>
                    <Limits>
                        <Minimum type="Inclusive">0</Minimum>
                    </Limits>
                    <XUnits>Abundance</XUnits>
                    <DataValueType>Response</DataValueType>
                    <PrecisionType>DigitsAfterDecimal</PrecisionType>
                    <PrecisionDigits>2</PrecisionDigits>
                    <ConversionSupport>None</ConversionSupport>
                </Parameter>
                <Parameter id="SNRThreshold">
                    <Value>5</Value>
                    <Limits>
                        <Minimum type="Exclusive">0</Minimum>
                    </Limits>
                    <XUnits>Mixed</XUnits>
                    <DataValueType>Mixed</DataValueType>
                    <PrecisionType>DigitsAfterDecimal</PrecisionType>
                    <PrecisionDigits>1</PrecisionDigits>
                    <ConversionSupport>None</ConversionSupport>
                </Parameter>
                <Parameter id="PeakAreaAbsThreshold">
                    <Value>10000</Value>
                    <Limits>
                        <Minimum type="Inclusive">0</Minimum>
                    </Limits>
                    <XUnits>Abundance</XUnits>
                    <DataValueType>Response</DataValueType>
                    <PrecisionType>DigitsAfterDecimal</PrecisionType>
                    <PrecisionDigits>0</PrecisionDigits>
                    <ConversionSupport>None</ConversionSupport>
                </Parameter>
                <Parameter id="PeakAreaPctUnits">
                    <Value>5</Value>
                    <Limits>
                        <Minimum type="Inclusive">0</Minimum>
                        <Maximum type="Inclusive">100</Maximum>
                    </Limits>
                    <XUnits>Abundance</XUnits>
                    <DataValueType>Response</DataValueType>
                    <PrecisionType>DigitsAfterDecimal</PrecisionType>
                    <PrecisionDigits>3</PrecisionDigits>
                    <ConversionSupport>None</ConversionSupport>
                </Parameter>
                <Parameter id="InterimSumObjectCount">
                    <Value>1</Value>
                    <Limits>
                        <Minimum type="Inclusive">1</Minimum>
                    </Limits>
                    <XUnits>Unspecified</XUnits>
                    <DataValueType>Unspecified</DataValueType>
                    <PrecisionType>DigitsAfterDecimal</PrecisionType>
                    <PrecisionDigits>0</PrecisionDigits>
                    <ConversionSupport>None</ConversionSupport>
                </Parameter>
                <Parameter id="FilterOnHeight">
                    <Value>true</Value>
                </Parameter>
                <Parameter id="EnableAdvancedFilters">
                    <Value>true</Value>
                </Parameter>
                <Parameter id="EnableHtCorrections">
                    <Value>true</Value>
                </Parameter>
                <Parameter id="PerformFragmentAnnotation">
                    <DisplayName>用分子式标注碎片质谱峰</DisplayName>
                    <Value>false</Value>
                </Parameter>
                <Parameter id="PerformFormulaAnnotationForNonFragments">
                    <DisplayName>为非碎片离子（未知）生成分子式</DisplayName>
                    <Value>false</Value>
                </Parameter>
            </Parameters>
            <AllowHeightFilters>true</AllowHeightFilters>
            <AllowAreaFilters>false</AllowAreaFilters>
            <UsedForFragmentFormulaAnnotation>false</UsedForFragmentFormulaAnnotation>
        </ParameterSet>
        <ParameterSet usagekey="ChargeStateAssignment" displayName="电荷态指定设置" assembly="" class="Agilent.MassSpectrometry.DataAnalysis.PSetChargeStateAssignment">
            <Parameters>
                <Parameter id="AbsoluteTolerance">
                    <DisplayName>同位素差容差 (m/z)</DisplayName>
                    <Value>0.0025</Value>
                    <Limits>
                        <Minimum type="Inclusive">0</Minimum>
                        <Maximum type="Inclusive">0.5</Maximum>
                    </Limits>
                    <XUnits>Thompsons</XUnits>
                    <DataValueType>MassToCharge</DataValueType>
                    <PrecisionType>DigitsAfterDecimal</PrecisionType>
                    <PrecisionDigits>4</PrecisionDigits>
                    <ConversionSupport>None</ConversionSupport>
                </Parameter>
                <Parameter id="RelativeTolerance">
                    <DisplayName>同位素差容差 (ppm)</DisplayName>
                    <Value>7</Value>
                    <Limits>
                        <Minimum type="Inclusive">0</Minimum>
                        <Maximum type="Inclusive">200</Maximum>
                    </Limits>
                    <XUnits>Unspecified</XUnits>
                    <DataValueType>Unspecified</DataValueType>
                    <PrecisionType>DigitsAfterDecimal</PrecisionType>
                    <PrecisionDigits>1</PrecisionDigits>
                    <ConversionSupport>None</ConversionSupport>
                </Parameter>
                <Parameter id="Deisotope">
                    <DisplayName>删除较高的同位素</DisplayName>
                    <Value>false</Value>
                </Parameter>
                <Parameter id="RecomputeOnChangedPeakList">
                    <DisplayName>在峰列表更改时重新计算</DisplayName>
                    <Value>true</Value>
                </Parameter>
                <Parameter id="MaximumChargeState">
                    <DisplayName>最大电荷态</DisplayName>
                    <Value>2</Value>
                    <Limits>
                        <Minimum type="Inclusive">1</Minimum>
                        <Maximum type="Inclusive">99</Maximum>
                    </Limits>
                    <XUnits>Unspecified</XUnits>
                    <DataValueType>Unspecified</DataValueType>
                    <PrecisionType>DigitsAfterDecimal</PrecisionType>
                    <PrecisionDigits>0</PrecisionDigits>
                    <ConversionSupport>None</ConversionSupport>
                </Parameter>
                <Parameter id="MinimumChargeState">
                    <DisplayName>最小电荷态</DisplayName>
                    <Value>0</Value>
                    <Limits>
                        <Minimum type="Inclusive">0</Minimum>
                        <Maximum type="Inclusive">99</Maximum>
                    </Limits>
                    <XUnits>Unspecified</XUnits>
                    <DataValueType>Unspecified</DataValueType>
                    <PrecisionType>DigitsAfterDecimal</PrecisionType>
                    <PrecisionDigits>0</PrecisionDigits>
                    <ConversionSupport>None</ConversionSupport>
                </Parameter>
                <Parameter id="LimitMaxChargeState">
                    <DisplayName>将指定的电荷态限制为下列最大值:</DisplayName>
                    <Value>true</Value>
                </Parameter>
                <Parameter id="IsotopeModel">
                    <DisplayName>同位素模型</DisplayName>
                    <Value>CommonOrganicMolecules</Value>
                </Parameter>
                <Parameter id="TreatUnknownAsSinglyCharged">
                    <DisplayName>未指定电荷的离子作为单电荷离子</DisplayName>
                    <Value>false</Value>
                </Parameter>
                <Parameter id="SumAbundances">
                    <DisplayName>丰度加和</DisplayName>
                    <Value>true</Value>
                </Parameter>
            </Parameters>
        </ParameterSet>
        <ParameterSet usagekey="FileSaveOptionsKey" displayName="文件保存选项" assembly="" class="Agilent.MassSpectrometry.DataAnalysis.PSetFileSaveOptions">
            <Parameters>
                <Parameter id="SaveCompleteResults">
                    <DisplayName>保存结果</DisplayName>
                    <Value>false</Value>
                </Parameter>
            </Parameters>
        </ParameterSet>
        <ParameterSet usagekey="AutomationTimeScripts" displayName="工作单操作" assembly="" class="Agilent.MassSpectrometry.DataAnalysis.Qualitative.PSetScriptCollection">
            <Parameters>
                <Parameter id="Scripts">
                    <Default />
                    <Value />
                </Parameter>
            </Parameters>
        </ParameterSet>
        <ParameterSet usagekey="FindCompoundsFormula" displayName="按分子式查找化合物选项" assembly="" class="Agilent.MassSpectrometry.DataAnalysis.PSetFindCpdsFormula">
            <Parameters>
                <Parameter id="DoSamplePurity">
                    <DisplayName>执行样品纯度计算</DisplayName>
                    <Value>false</Value>
                </Parameter>
                <Parameter id="ReturnCpdEIC">
                    <DisplayName>化合物 EIC</DisplayName>
                    <Value>false</Value>
                </Parameter>
                <Parameter id="ReturnCpdSpectrum">
                    <DisplayName>化合物质谱图</DisplayName>
                    <Value>false</Value>
                </Parameter>
                <Parameter id="FormulaSourceToConfirm">
                    <DisplayName>要确认的分子式源</DisplayName>
                    <Value>Worklist</Value>
                </Parameter>
                <Parameter id="SpecifiedFormulas">
                    <DisplayName>指定的分子式</DisplayName>
                    <Default />
                    <Value />
                </Parameter>
                <Parameter id="UseAbsoluteMassTolerance">
                    <DisplayName>使用绝对质量容差</DisplayName>
                    <Value>false</Value>
                </Parameter>
                <Parameter id="RetentionTimeTolerance">
                    <DisplayName>保留时间容差</DisplayName>
                    <Value>0.35</Value>
                    <Limits>
                        <Minimum type="Exclusive">0</Minimum>
                        <Maximum type="Inclusive">1000</Maximum>
                    </Limits>
                    <XUnits>Minutes</XUnits>
                    <DataValueType>AcqTime</DataValueType>
                    <PrecisionType>DigitsAfterDecimal</PrecisionType>
                    <PrecisionDigits>3</PrecisionDigits>
                    <ConversionSupport>PrecisionOnly</ConversionSupport>
                </Parameter>
                <Parameter id="SingleMzExpansionMode">
                    <DisplayName>单一 Mz 扩展模式:</DisplayName>
                    <Value>SymmetricPpm</Value>
                </Parameter>
                <Parameter id="ExtractedRtExpansionMode">
                    <DisplayName>Retention time expansion mode</DisplayName>
                    <Value>SymmetricRt</Value>
                </Parameter>
                <Parameter id="AsymmetricRtExpansionLow">
                    <DisplayName>Asymmetric low</DisplayName>
                    <Value>0.1</Value>
                    <Limits>
                        <Minimum type="Inclusive">0</Minimum>
                    </Limits>
                    <XUnits>Minutes</XUnits>
                    <DataValueType>AcqTime</DataValueType>
                    <PrecisionType>DigitsAfterDecimal</PrecisionType>
                    <PrecisionDigits>3</PrecisionDigits>
                    <ConversionSupport>PrecisionOnly</ConversionSupport>
                </Parameter>
                <Parameter id="AsymmetricRtExpansionHigh">
                    <DisplayName>Asymmetric high</DisplayName>
                    <Value>0.15</Value>
                    <Limits>
                        <Minimum type="Inclusive">0</Minimum>
                    </Limits>
                    <XUnits>Minutes</XUnits>
                    <DataValueType>AcqTime</DataValueType>
                    <PrecisionType>DigitsAfterDecimal</PrecisionType>
                    <PrecisionDigits>3</PrecisionDigits>
                    <ConversionSupport>PrecisionOnly</ConversionSupport>
                </Parameter>
                <Parameter id="SingleMzWidth">
                    <DisplayName>单一 m/z 峰宽:</DisplayName>
                    <Value>0.5</Value>
                    <Limits>
                        <Minimum type="Inclusive">0</Minimum>
                    </Limits>
                    <XUnits>Thompsons</XUnits>
                    <DataValueType>MassToCharge</DataValueType>
                    <PrecisionType>DigitsAfterDecimal</PrecisionType>
                    <PrecisionDigits>4</PrecisionDigits>
                    <ConversionSupport>PrecisionOnly</ConversionSupport>
                </Parameter>
                <Parameter id="AsymmetricMzWidthLow">
                    <DisplayName>不对称 Mz 峰宽下限:</DisplayName>
                    <Value>0.3</Value>
                    <Limits>
                        <Minimum type="Inclusive">0</Minimum>
                        <Maximum type="Inclusive">10</Maximum>
                    </Limits>
                    <XUnits>Thompsons</XUnits>
                    <DataValueType>MassToCharge</DataValueType>
                    <PrecisionType>DigitsAfterDecimal</PrecisionType>
                    <PrecisionDigits>4</PrecisionDigits>
                    <ConversionSupport>PrecisionOnly</ConversionSupport>
                </Parameter>
                <Parameter id="AsymmetricMzWidthHigh">
                    <DisplayName>不对称 Mz 峰宽上限:</DisplayName>
                    <Value>0.7</Value>
                    <Limits>
                        <Minimum type="Inclusive">0</Minimum>
                        <Maximum type="Inclusive">10</Maximum>
                    </Limits>
                    <XUnits>Thompsons</XUnits>
                    <DataValueType>MassToCharge</DataValueType>
                    <PrecisionType>DigitsAfterDecimal</PrecisionType>
                    <PrecisionDigits>4</PrecisionDigits>
                    <ConversionSupport>PrecisionOnly</ConversionSupport>
                </Parameter>
                <Parameter id="AbsoluteMassTolerance">
                    <DisplayName>绝对质量容差</DisplayName>
                    <Value>5</Value>
                    <Limits>
                        <Minimum type="Exclusive">0</Minimum>
                        <Maximum type="Inclusive">1000</Maximum>
                    </Limits>
                    <XUnits>MilliThompsons</XUnits>
                    <DataValueType>MzDifference</DataValueType>
                    <PrecisionType>DigitsAfterDecimal</PrecisionType>
                    <PrecisionDigits>2</PrecisionDigits>
                    <ConversionSupport>None</ConversionSupport>
                </Parameter>
                <Parameter id="RTExpansionWidth">
                    <DisplayName>预期的保留时间</DisplayName>
                    <Value>1</Value>
                    <Limits>
                        <Minimum type="Exclusive">0</Minimum>
                    </Limits>
                    <XUnits>Minutes</XUnits>
                    <DataValueType>AcqTime</DataValueType>
                    <PrecisionType>DigitsAfterDecimal</PrecisionType>
                    <PrecisionDigits>2</PrecisionDigits>
                    <ConversionSupport>None</ConversionSupport>
                </Parameter>
                <Parameter id="SearchFields">
                    <DisplayName>检索字段</DisplayName>
                    <Value>Mass, OptionalRetentionTime</Value>
                </Parameter>
                <Parameter id="RelativeMassTolerance">
                    <DisplayName>相对质量容差</DisplayName>
                    <Value>10</Value>
                    <Limits>
                        <Minimum type="Exclusive">0</Minimum>
                        <Maximum type="Inclusive">1000</Maximum>
                    </Limits>
                    <XUnits>PartsPerMillion</XUnits>
                    <DataValueType>RelativeDifference</DataValueType>
                    <PrecisionType>DigitsAfterDecimal</PrecisionType>
                    <PrecisionDigits>2</PrecisionDigits>
                    <ConversionSupport>None</ConversionSupport>
                </Parameter>
                <Parameter id="SinglePpmWidth">
                    <DisplayName>单 ppm 峰宽:</DisplayName>
                    <Value>35</Value>
                    <Limits>
                        <Minimum type="Inclusive">10</Minimum>
                        <Maximum type="Inclusive">1000</Maximum>
                    </Limits>
                    <XUnits>Unspecified</XUnits>
                    <DataValueType>Unspecified</DataValueType>
                    <PrecisionType>DigitsAfterDecimal</PrecisionType>
                    <PrecisionDigits>1</PrecisionDigits>
                    <ConversionSupport>None</ConversionSupport>
                </Parameter>
                <Parameter id="IonPolarity">
                    <DisplayName>极性:</DisplayName>
                    <Value>Mixed</Value>
                </Parameter>
                <Parameter id="ReturnAllCpds">
                    <DisplayName>仅为匹配的分子式生成化合物</DisplayName>
                    <Value>false</Value>
                </Parameter>
                <Parameter id="MaxHitsPerTgt">
                    <DisplayName>每个分子式的最大匹配数:</DisplayName>
                    <Value>1</Value>
                    <Limits>
                        <Minimum type="Inclusive">1</Minimum>
                    </Limits>
                    <XUnits>Unspecified</XUnits>
                    <DataValueType>Unspecified</DataValueType>
                    <PrecisionType>DigitsAfterDecimal</PrecisionType>
                    <PrecisionDigits>0</PrecisionDigits>
                    <ConversionSupport>None</ConversionSupport>
                </Parameter>
                <Parameter id="MinRelativeAbundance">
                    <DisplayName>最小丰度:</DisplayName>
                    <Value>10</Value>
                    <Limits>
                        <Minimum type="Inclusive">0</Minimum>
                        <Maximum type="Exclusive">100</Maximum>
                    </Limits>
                    <XUnits>Unspecified</XUnits>
                    <DataValueType>Unspecified</DataValueType>
                    <PrecisionType>DigitsAfterDecimal</PrecisionType>
                    <PrecisionDigits>2</PrecisionDigits>
                    <ConversionSupport>None</ConversionSupport>
                </Parameter>
                <Parameter id="LimitEicExtractionRange">
                    <DisplayName>限制 EIC 提取范围</DisplayName>
                    <Value>true</Value>
                </Parameter>
                <Parameter id="MinEicClusterCoverage">
                    <DisplayName>EIC 的最小簇覆盖:</DisplayName>
                    <Value>75</Value>
                    <Limits>
                        <Minimum type="Inclusive">0</Minimum>
                        <Maximum type="Exclusive">100</Maximum>
                    </Limits>
                    <XUnits>Unspecified</XUnits>
                    <DataValueType>Unspecified</DataValueType>
                    <PrecisionType>DigitsAfterDecimal</PrecisionType>
                    <PrecisionDigits>2</PrecisionDigits>
                    <ConversionSupport>None</ConversionSupport>
                </Parameter>
                <Parameter id="MaxEicClusterIons">
                    <DisplayName>EIC 的最大簇离子数:</DisplayName>
                    <Value>5</Value>
                    <Limits>
                        <Minimum type="Inclusive">1</Minimum>
                        <Maximum type="Inclusive">20</Maximum>
                    </Limits>
                    <XUnits>Unspecified</XUnits>
                    <DataValueType>Unspecified</DataValueType>
                    <PrecisionType>DigitsAfterDecimal</PrecisionType>
                    <PrecisionDigits>0</PrecisionDigits>
                    <ConversionSupport>None</ConversionSupport>
                </Parameter>
                <Parameter id="CefPath">
                    <DisplayName>CefPath</DisplayName>
                    <Value />
                </Parameter>
                <Parameter id="ExtractEIC">
                    <DisplayName>提取 EIC</DisplayName>
                    <Value>true</Value>
                </Parameter>
                <Parameter id="ExtractRawSpectrum">
                    <DisplayName>提取原始质谱图</DisplayName>
                    <Value>false</Value>
                </Parameter>
                <Parameter id="ExtractCleanedSpectrum">
                    <DisplayName>提取已清理的质谱图</DisplayName>
                    <Value>true</Value>
                </Parameter>
                <Parameter id="AutoIncrementIsomericMaxMatches">
                    <DisplayName>对同分异构化合物自动增加</DisplayName>
                    <Value>true</Value>
                </Parameter>
                <Parameter id="RejectOnLowScore">
                    <DisplayName>不执行匹配，当分数是</DisplayName>
                    <Value>true</Value>
                </Parameter>
                <Parameter id="RejectScoreThreshold">
                    <DisplayName>拒绝分数阈值</DisplayName>
                    <Value>70</Value>
                    <Limits>
                        <Minimum type="Inclusive">0</Minimum>
                        <Maximum type="Inclusive">100</Maximum>
                    </Limits>
                    <XUnits>Unspecified</XUnits>
                    <DataValueType>Unspecified</DataValueType>
                    <PrecisionType>DigitsAfterDecimal</PrecisionType>
                    <PrecisionDigits>2</PrecisionDigits>
                    <ConversionSupport>None</ConversionSupport>
                </Parameter>
                <Parameter id="RejectOnSingleIon">
                    <DisplayName>不执行匹配，当（未观察到的）第二个离子的预期丰度是</DisplayName>
                    <Value>true</Value>
                </Parameter>
                <Parameter id="RejectSingleIonThreshold">
                    <DisplayName>拒绝第二个离子阈值</DisplayName>
                    <Value>200</Value>
                    <Limits>
                        <Minimum type="Inclusive">0</Minimum>
                    </Limits>
                    <XUnits>Unspecified</XUnits>
                    <DataValueType>Unspecified</DataValueType>
                    <PrecisionType>DigitsAfterDecimal</PrecisionType>
                    <PrecisionDigits>2</PrecisionDigits>
                    <ConversionSupport>None</ConversionSupport>
                </Parameter>
                <Parameter id="PreferProfileRawSpectra">
                    <DisplayName>原始质谱图的最佳轮廓图(若存在)</DisplayName>
                    <Value>true</Value>
                </Parameter>
                <Parameter id="ClipRawSpectrum">
                    <DisplayName>修剪提取的原始质谱图</DisplayName>
                    <Value>true</Value>
                </Parameter>
                <Parameter id="ExtractedSpectrumMzExpansionMode">
                    <DisplayName>提取的质谱图扩展模式</DisplayName>
                    <Value>SymmetricMz</Value>
                </Parameter>
                <Parameter id="ClipRawSpectrumAsymWidthLow">
                    <DisplayName>不对称峰宽（低）</DisplayName>
                    <Value>5</Value>
                    <Limits>
                        <Minimum type="Inclusive">1</Minimum>
                    </Limits>
                    <XUnits>Thompsons</XUnits>
                    <DataValueType>MassToCharge</DataValueType>
                    <PrecisionType>DigitsAfterDecimal</PrecisionType>
                    <PrecisionDigits>4</PrecisionDigits>
                    <ConversionSupport>PrecisionOnly</ConversionSupport>
                </Parameter>
                <Parameter id="ClipRawSpectrumAsymWidthHigh">
                    <DisplayName>不对称峰宽（高）</DisplayName>
                    <Value>10</Value>
                    <Limits>
                        <Minimum type="Inclusive">1</Minimum>
                    </Limits>
                    <XUnits>Thompsons</XUnits>
                    <DataValueType>MassToCharge</DataValueType>
                    <PrecisionType>DigitsAfterDecimal</PrecisionType>
                    <PrecisionDigits>4</PrecisionDigits>
                    <ConversionSupport>PrecisionOnly</ConversionSupport>
                </Parameter>
                <Parameter id="ClipRawSpectrumSingleMzWidth">
                    <DisplayName>单一 m/z 峰宽</DisplayName>
                    <Value>5</Value>
                    <Limits>
                        <Minimum type="Inclusive">1</Minimum>
                    </Limits>
                    <XUnits>Thompsons</XUnits>
                    <DataValueType>MassToCharge</DataValueType>
                    <PrecisionType>DigitsAfterDecimal</PrecisionType>
                    <PrecisionDigits>4</PrecisionDigits>
                    <ConversionSupport>PrecisionOnly</ConversionSupport>
                </Parameter>
                <Parameter id="ExtractMsMsSpectrum">
                    <DisplayName>提取 MS/MS 质谱图</DisplayName>
                    <Value>false</Value>
                </Parameter>
                <Parameter id="AverageMsMsSpecForCe">
                    <DisplayName>对所有 CE 的 MS/MS 质谱图取平均值</DisplayName>
                    <Value>false</Value>
                </Parameter>
                <Parameter id="PrecursorTolerancePpm">
                    <DisplayName>前级离子容许偏差</DisplayName>
                    <Value>20</Value>
                    <Limits>
                        <Minimum type="Inclusive">0</Minimum>
                    </Limits>
                    <XUnits>Unspecified</XUnits>
                    <DataValueType>Unspecified</DataValueType>
                    <PrecisionType>DigitsAfterDecimal</PrecisionType>
                    <PrecisionDigits>2</PrecisionDigits>
                    <ConversionSupport>None</ConversionSupport>
                </Parameter>
                <Parameter id="PrecursorToleranceMz">
                    <DisplayName>前级离子容许偏差</DisplayName>
                    <Value>0.05</Value>
                    <Limits>
                        <Minimum type="Inclusive">0</Minimum>
                    </Limits>
                    <XUnits>Unspecified</XUnits>
                    <DataValueType>Unspecified</DataValueType>
                    <PrecisionType>DigitsAfterDecimal</PrecisionType>
                    <PrecisionDigits>2</PrecisionDigits>
                    <ConversionSupport>None</ConversionSupport>
                </Parameter>
                <Parameter id="PrecursorToleranceUnit">
                    <DisplayName>容差单位</DisplayName>
                    <Value>ITEM_PPM</Value>
                </Parameter>
                <Parameter id="DeisotopeMsMsSpectrum">
                    <DisplayName>解析同位素 MS/MS 质谱图</DisplayName>
                    <Value>true</Value>
                </Parameter>
                <Parameter id="IncludeStructure">
                    <DisplayName>包含结构</DisplayName>
                    <Value>false</Value>
                </Parameter>
                <Parameter id="WarnOnLowScore">
                    <DisplayName>执行警告，当分数是</DisplayName>
                    <Value>true</Value>
                </Parameter>
                <Parameter id="WarnOnSingleIon">
                    <DisplayName>警告，当（未观察到的）第二个离子的预期丰度是</DisplayName>
                    <Value>true</Value>
                </Parameter>
                <Parameter id="WarnScoreThreshold">
                    <DisplayName>执行警告的分数阈值</DisplayName>
                    <Value>75</Value>
                    <Limits>
                        <Minimum type="Inclusive">0</Minimum>
                        <Maximum type="Inclusive">100</Maximum>
                    </Limits>
                    <XUnits>Unspecified</XUnits>
                    <DataValueType>Unspecified</DataValueType>
                    <PrecisionType>DigitsAfterDecimal</PrecisionType>
                    <PrecisionDigits>2</PrecisionDigits>
                    <ConversionSupport>None</ConversionSupport>
                </Parameter>
                <Parameter id="WarnSingleIonThreshold">
                    <DisplayName>单一离子阈值警告</DisplayName>
                    <Value>50</Value>
                    <Limits>
                        <Minimum type="Inclusive">0</Minimum>
                    </Limits>
                    <XUnits>Unspecified</XUnits>
                    <DataValueType>Unspecified</DataValueType>
                    <PrecisionType>DigitsAfterDecimal</PrecisionType>
                    <PrecisionDigits>2</PrecisionDigits>
                    <ConversionSupport>None</ConversionSupport>
                </Parameter>
                <Parameter id="SmoothEics">
                    <DisplayName>积分以前平滑 EIC</DisplayName>
                    <Value>false</Value>
                </Parameter>
            </Parameters>
        </ParameterSet>
        <ParameterSet usagekey="CpdProcessing" displayName="化合物自动化处理选项" assembly="" class="Agilent.MassSpectrometry.DataAnalysis.PSetCpdProcessing">
            <Parameters>
                <Parameter id="CpdMiningAlgorithm">
                    <DisplayName>化合物挖掘算法</DisplayName>
                    <Value>FindByMolecularFeature</Value>
                </Parameter>
                <Parameter id="DoDbSearch">
                    <DisplayName>检索数据库以查找每个化合物</DisplayName>
                    <Value>false</Value>
                </Parameter>
                <Parameter id="DoMfg">
                    <DisplayName>为每个化合物生成分子式</DisplayName>
                    <Value>false</Value>
                </Parameter>
                <Parameter id="SkipMfgForPeaksWithFormulas">
                    <DisplayName>为没有数据库匹配项的峰生成分子式</DisplayName>
                    <Value>true</Value>
                </Parameter>
                <Parameter id="ChromatogramPolarity">
                    <DisplayName>色谱图极性:</DisplayName>
                    <Value>Mixed</Value>
                </Parameter>
                <Parameter id="ExtractTIC">
                    <DisplayName>TIC</DisplayName>
                    <Value>true</Value>
                </Parameter>
                <Parameter id="ExtractBPC">
                    <DisplayName>BPC</DisplayName>
                    <Value>false</Value>
                </Parameter>
                <Parameter id="ExtractTWC">
                    <DisplayName>TWC</DisplayName>
                    <Value>false</Value>
                </Parameter>
                <Parameter id="ExtractSignal">
                    <DisplayName>信号 A</DisplayName>
                    <Value>false</Value>
                </Parameter>
                <Parameter id="SignalDeviceType">
                    <DisplayName>信号设备类型</DisplayName>
                    <Value>DiodeArrayDetector</Value>
                </Parameter>
                <Parameter id="BPCMzRange">
                    <DisplayName>m/z 范围:</DisplayName>
                    <DefaultValue>
                        <DataUnit>Thompsons</DataUnit>
                        <DataValueType>MassToCharge</DataValueType>
                        <PrecisionType>DigitsAfterDecimal</PrecisionType>
                        <PrecisionDigits>4</PrecisionDigits>
                    </DefaultValue>
                    <Value>
                        <DataUnit>Thompsons</DataUnit>
                        <DataValueType>MassToCharge</DataValueType>
                        <PrecisionType>DigitsAfterDecimal</PrecisionType>
                        <PrecisionDigits>4</PrecisionDigits>
                    </Value>
                    <Limits>
                        <Limits id="overall">
                            <Minimum type="Inclusive">0</Minimum>
                        </Limits>
                        <Limits id="width">
                            <Minimum type="Inclusive">0</Minimum>
                        </Limits>
                    </Limits>
                    <ConversionSupport>PrecisionOnly</ConversionSupport>
                </Parameter>
                <Parameter id="MatchSequences">
                    <DisplayName>每个化合物的匹配序列</DisplayName>
                    <Value>false</Value>
                </Parameter>
                <Parameter id="ShowOnlyIdentifiedCpds">
                    <DisplayName>仅显示已识别的化合物</DisplayName>
                    <Value>true</Value>
                </Parameter>
                <Parameter id="DoLibrarySearch">
                    <DisplayName>检索谱库以查找每个化合物</DisplayName>
                    <Value>false</Value>
                </Parameter>
            </Parameters>
        </ParameterSet>
        <ParameterSet usagekey="SequenceMatching_Source" displayName="序列匹配源选项" assembly="" class="Agilent.MassSpectrometry.DataAnalysis.PSetMatchingSource">
            <Parameters>
                <Parameter id="Source">
                    <DisplayName>正在计算匹配分数</DisplayName>
                    <Value>SequenceMass</Value>
                </Parameter>
                <Parameter id="UseSequences">
                    <DisplayName>序列</DisplayName>
                    <Value>true</Value>
                </Parameter>
                <Parameter id="UseMasses">
                    <DisplayName>质量</DisplayName>
                    <Value>false</Value>
                </Parameter>
                <Parameter id="Masses">
                    <DisplayName>质量数:</DisplayName>
                    <DefaultValue />
                    <Value />
                    <Limits>
                        <Minimum type="Exclusive">0</Minimum>
                        <Maximum type="Inclusive">750000</Maximum>
                    </Limits>
                    <XUnits>Daltons</XUnits>
                    <DataValueType>Mass</DataValueType>
                    <PrecisionType>DigitsAfterDecimal</PrecisionType>
                    <PrecisionDigits>3</PrecisionDigits>
                    <ConversionSupport>None</ConversionSupport>
                </Parameter>
            </Parameters>
        </ParameterSet>
        <ParameterSet usagekey="SequenceMatching_Score" displayName="序列匹配分数" assembly="" class="Agilent.MassSpectrometry.DataAnalysis.PSetSequenceMatchScoring">
            <Parameters>
                <Parameter id="msMassCoeffMDa">
                    <DisplayName>MS 质量系数 (mDa)</DisplayName>
                    <Value>2</Value>
                    <Limits>
                        <Minimum type="Inclusive">0</Minimum>
                        <Maximum type="Inclusive">100</Maximum>
                    </Limits>
                    <XUnits>MilliDaltons</XUnits>
                    <DataValueType>Mass</DataValueType>
                    <PrecisionType>DigitsAfterDecimal</PrecisionType>
                    <PrecisionDigits>1</PrecisionDigits>
                    <ConversionSupport>None</ConversionSupport>
                </Parameter>
                <Parameter id="msMassCoeffPpm">
                    <DisplayName>MS 质量系数 (ppm)</DisplayName>
                    <Value>5.6</Value>
                    <Limits>
                        <Minimum type="Inclusive">0</Minimum>
                        <Maximum type="Inclusive">100</Maximum>
                    </Limits>
                    <XUnits>PartsPerMillion</XUnits>
                    <DataValueType>Mass</DataValueType>
                    <PrecisionType>DigitsAfterDecimal</PrecisionType>
                    <PrecisionDigits>1</PrecisionDigits>
                    <ConversionSupport>None</ConversionSupport>
                </Parameter>
                <Parameter id="msMsMassCoeffMDa">
                    <DisplayName>MS/MS 质量系数 (MDa)</DisplayName>
                    <Value>5</Value>
                    <Limits>
                        <Minimum type="Inclusive">0</Minimum>
                        <Maximum type="Inclusive">100</Maximum>
                    </Limits>
                    <XUnits>MilliDaltons</XUnits>
                    <DataValueType>Mass</DataValueType>
                    <PrecisionType>DigitsAfterDecimal</PrecisionType>
                    <PrecisionDigits>1</PrecisionDigits>
                    <ConversionSupport>None</ConversionSupport>
                </Parameter>
                <Parameter id="msMsMassCoeffPpm">
                    <DisplayName>MS/MS 质量系数 (ppm)</DisplayName>
                    <Value>7.5</Value>
                    <Limits>
                        <Minimum type="Inclusive">0</Minimum>
                        <Maximum type="Inclusive">100</Maximum>
                    </Limits>
                    <XUnits>PartsPerMillion</XUnits>
                    <DataValueType>Mass</DataValueType>
                    <PrecisionType>DigitsAfterDecimal</PrecisionType>
                    <PrecisionDigits>1</PrecisionDigits>
                    <ConversionSupport>None</ConversionSupport>
                </Parameter>
            </Parameters>
        </ParameterSet>
    </QualDAmethodPSetGroup>
</Method>